{"cameraMode":{"drawMode":0,"name":"Shaded","section":"Shading Mode"},"sceneLighting":true,"audioPlay":false,"sceneViewState":{"m_AlwaysRefresh":false,"showFog":true,"showSkybox":true,"showFlares":true,"showImageEffects":true,"showParticleSystems":true,"showVisualEffectGraphs":true,"m_FxEnabled":true},"in2DMode":false,"pivot":{"x":-1.0218679904937745,"y":-4.949520587921143,"z":-26.577234268188478},"rotation":{"x":0.03838551789522171,"y":0.9596227407455444,"z":-0.2260185182094574,"w":0.16305162012577058},"size":0.6651012301445007,"orthographic":false}